{
  "products": [
    {
      "name": "Casual Shoe",
      "price": "$200",
      "brand": "Nike",
      "inventoryStatus": true,
      "id": 1
    },
    {
      "name": "Sports Shoe",
      "price": "$100",
      "brand": "Nike",
      "inventoryStatus": true,
      "id": 2
    },
    {
      "name": "New Sports Shoe",
      "price": "$150",
      "brand": "Nike",
      "inventoryStatus": true,
      "id": 3
    },
    {
      "name": "Puma Shoe",
      "price": "$100",
      "brand": "Puma",
      "inventoryStatus": true,
      "id": 4
    },
    {
      "name": "Sports Shoe Adidas",
      "price": "$100",
      "brand": "Adidas",
      "inventoryStatus": true,
      "id": 5
    }
  ]
}